{"count":1,"self":1382.2203904,"total":21849.9260415,"children":{"InitializeActuators":{"count":9,"self":0.000503,"total":0.000503,"children":null},"InitializeSensors":{"count":9,"self":0.014027999999999999,"total":0.014027999999999999,"children":null},"AgentSendState":{"count":2222551,"self":17.8992064,"total":9310.1747999,"children":{"GridSensor.Update":{"count":4000599,"self":8718.733312,"total":8718.7333738999987,"children":null},"CollectObservations":{"count":4000599,"self":28.1631872,"total":28.1631879,"children":null},"WriteActionMask":{"count":4000599,"self":1.1164783,"total":1.1164783,"children":null},"RequestDecision":{"count":4000599,"self":7.1664448,"total":544.26255359999993,"children":{"AgentInfo.ToProto":{"count":4000599,"self":5.3981471999999995,"total":537.0961092,"children":{"GenerateSensorData":{"count":4000599,"self":36.5444704,"total":531.6979618,"children":{"GridSensor.GetCompressedObservation":{"count":4000599,"self":495.15351039999996,"total":495.1534923,"children":null}}}}}}}}},"DecideAction":{"count":2222551,"self":11095.666688,"total":11095.6665639,"children":null},"AgentAct":{"count":2222551,"self":45.6569472,"total":45.6569457,"children":null},"GridSensor.Update":{"count":6618,"self":15.014358399999999,"total":15.0143577,"children":null},"AgentInfo.ToProto":{"count":6618,"self":0.01569,"total":1.1784565,"children":{"GenerateSensorData":{"count":6618,"self":0.11525519999999999,"total":1.1627665,"children":{"GridSensor.GetCompressedObservation":{"count":6618,"self":1.0475113,"total":1.0475113,"children":null}}}}}},"gauges":{"Piece.CumulativeReward":{"count":6618,"max":48.49997,"min":-1.80000138,"runningAverage":4.07522249,"value":4.29999733,"weightedAverage":5.255844}},"metadata":{"timer_format_version":"0.1.0","start_time_seconds":"1665080174","unity_version":"2021.3.6f1","command_line_arguments":"C:\\Program Files\\Unity\\Hub\\Editor\\2021.3.6f1\\Editor\\Unity.exe -projectpath C:\\Users\\noahc\\Desktop\\FinalYearProject\\ai-interaction -useHub -hubIPC -cloudEnvironment production -licensingIpc LicenseClient-noahc -hubSessionId 96fb19e0-4567-11ed-8812-bdf6160db962 -accessToken wiDjkdmeaSVI9Akj1eAPox1qon_D9Ktgu0fEhGYRpQw01ef","communication_protocol_version":"1.5.0","com.unity.ml-agents_version":"2.3.0-exp.2","scene_name":"DungeonMatch","end_time_seconds":"1665102024"}}