{"count":1,"self":104023.0842368,"total":106424.2284294,"children":{"InitializeActuators":{"count":5,"self":0.0010245,"total":0.0010245,"children":null},"InitializeSensors":{"count":5,"self":0,"total":0,"children":null},"AgentSendState":{"count":33750769,"self":7.1324191999999993,"total":55.873802899999994,"children":{"CollectObservations":{"count":279410,"self":14.282432,"total":14.2824312,"children":null},"WriteActionMask":{"count":279410,"self":4.2218488,"total":4.2218488999999995,"children":null},"RequestDecision":{"count":279410,"self":0.92470829999999993,"total":30.2371038,"children":{"AgentInfo.ToProto":{"count":279410,"self":1.4800079,"total":29.312395499999997,"children":{"GenerateSensorData":{"count":279410,"self":27.8323872,"total":27.832387599999997,"children":null}}}}}}},"DecideAction":{"count":33750769,"self":2022.8669439999999,"total":2022.8669596999998,"children":null},"AgentAct":{"count":33750769,"self":321.9148032,"total":321.9148004,"children":null},"AgentInfo.ToProto":{"count":4373,"self":0.0224005,"total":0.48536949999999995,"children":{"GenerateSensorData":{"count":4373,"self":0.46296899999999996,"total":0.46296899999999996,"children":null}}}},"gauges":{"Piece.CumulativeReward":{"count":4373,"max":26.10997,"min":-138.755035,"runningAverage":1.7410413,"value":1.124999,"weightedAverage":2.01678252}},"metadata":{"timer_format_version":"0.1.0","start_time_seconds":"1676157217","unity_version":"2021.3.6f1","command_line_arguments":"C:\\Program Files\\Unity\\Hub\\Editor\\2021.3.6f1\\Editor\\Unity.exe -projectpath C:\\Users\\noahc\\Desktop\\FinalYearProject\\ai-interaction -useHub -hubIPC -cloudEnvironment production -licensingIpc LicenseClient-noahc -hubSessionId 93f84340-a524-11ed-a0c8-a5e611610639 -accessToken 8dldQQNWXooOsUMrlxTye235DhPNl39mJE4lLfkzI6U01ef","communication_protocol_version":"1.5.0","com.unity.ml-agents_version":"2.3.0-exp.2","scene_name":"DungeonMatch","end_time_seconds":"1676263641"}}