{"count":1,"self":179.23712,"total":2070.8391932,"children":{"InitializeActuators":{"count":36,"self":0.0010711,"total":0.0010711,"children":null},"InitializeSensors":{"count":36,"self":0.0120255,"total":0.0120255,"children":null},"AgentSendState":{"count":279367,"self":2.4051283999999997,"total":977.4483653,"children":{"GridSensor.Update":{"count":1005732,"self":940.31042559999992,"total":940.31043049999994,"children":null},"CollectObservations":{"count":1005732,"self":0.2213625,"total":0.2213625,"children":null},"WriteActionMask":{"count":1005732,"self":0.23105669999999998,"total":0.23105669999999998,"children":null},"RequestDecision":{"count":1005732,"self":1.4820849,"total":34.2803871,"children":{"AgentInfo.ToProto":{"count":1005732,"self":1.3042388999999999,"total":32.7983022,"children":{"GenerateSensorData":{"count":1005732,"self":4.3958227999999995,"total":31.494063299999997,"children":{"GridSensor.GetCompressedObservation":{"count":1005732,"self":27.09824,"total":27.0982406,"children":null}}}}}}}}},"DecideAction":{"count":279367,"self":891.0705664,"total":891.07055889999992,"children":null},"AgentAct":{"count":279367,"self":12.5062816,"total":12.506281999999999,"children":null},"GridSensor.Update":{"count":10464,"self":10.084912,"total":10.0849119,"children":null},"AgentInfo.ToProto":{"count":10464,"self":0.0190305,"total":0.4788589,"children":{"GenerateSensorData":{"count":10464,"self":0.051458699999999996,"total":0.45982839999999997,"children":{"GridSensor.GetCompressedObservation":{"count":10464,"self":0.4083697,"total":0.4083697,"children":null}}}}}},"gauges":{"Barbarian.CumulativeReward":{"count":10464,"max":2.10000014,"min":0,"runningAverage":1.04906476,"value":0.7,"weightedAverage":1.009579}},"metadata":{"timer_format_version":"0.1.0","start_time_seconds":"1662830298","unity_version":"2021.3.6f1","command_line_arguments":"C:\\Program Files\\Unity\\Hub\\Editor\\2021.3.6f1\\Editor\\Unity.exe -projectpath C:\\Users\\noahc\\Desktop\\FinalYearProject\\ai-interaction -useHub -hubIPC -cloudEnvironment production -licensingIpc LicenseClient-noahc -hubSessionId a6a99770-30a6-11ed-b749-a580e5a872aa -accessToken 23KYtoeohLrF909S7LI_w7hndiz5VTS8fsnidFDfGRU01ef","communication_protocol_version":"1.5.0","com.unity.ml-agents_version":"2.3.0-exp.2","scene_name":"Main","end_time_seconds":"1662832368"}}