{"count":1,"self":2175.5480064,"total":34165.9195609,"children":{"InitializeActuators":{"count":44444,"self":0.3522763,"total":0.3522763,"children":null},"InitializeSensors":{"count":44444,"self":4.0290304,"total":4.0290306,"children":null},"AgentSendState":{"count":1497667,"self":29.4869152,"total":13842.9686337,"children":{"GridSensor.Update":{"count":10938842,"self":13017.376358399999,"total":13017.3766736,"children":null},"CollectObservations":{"count":10938842,"self":6.6384468,"total":6.6384468,"children":null},"WriteActionMask":{"count":10938842,"self":3.2944345999999998,"total":3.2944345999999998,"children":null},"RequestDecision":{"count":10938842,"self":16.4038672,"total":786.1721642,"children":{"AgentInfo.ToProto":{"count":10938842,"self":15.8425984,"total":769.76829709999993,"children":{"GenerateSensorData":{"count":10938842,"self":56.2921984,"total":753.925698,"children":{"GridSensor.GetCompressedObservation":{"count":10938842,"self":697.6334848,"total":697.6335027,"children":null}}}}}}}}},"DecideAction":{"count":1497667,"self":17854.0019712,"total":17854.002533799998,"children":null},"AgentAct":{"count":1497667,"self":172.03116799999998,"total":183.9986194,"children":{"GridSensor.Update":{"count":7830,"self":10.897253599999999,"total":10.8972537,"children":null},"AgentInfo.ToProto":{"count":7830,"self":0.0227505,"total":1.0701916,"children":{"GenerateSensorData":{"count":7830,"self":0.078207,"total":1.0474411,"children":{"GridSensor.GetCompressedObservation":{"count":7830,"self":0.9692341,"total":0.9692341,"children":null}}}}}}},"GridSensor.Update":{"count":76271,"self":96.053952,"total":96.053949899999992,"children":null},"AgentInfo.ToProto":{"count":76271,"self":0.25810299999999997,"total":8.9653919,"children":{"GenerateSensorData":{"count":76271,"self":0.6564821,"total":8.7072889,"children":{"GridSensor.GetCompressedObservation":{"count":76271,"self":8.050806399999999,"total":8.0508068,"children":null}}}}}},"gauges":{"Knight.CumulativeReward":{"count":10659,"max":947.4263,"min":-0.299976051,"runningAverage":20.1343384,"value":7.850122,"weightedAverage":15.0244722},"Monster.CumulativeReward":{"count":2155,"max":4.4,"min":-2.35,"runningAverage":0.2640798,"value":-0.8000001,"weightedAverage":-0.445769846},"Mage.CumulativeReward":{"count":9156,"max":277.3803,"min":-0.04375584,"runningAverage":9.658883,"value":8.205191,"weightedAverage":7.864498},"Barbarian.CumulativeReward":{"count":7564,"max":540.376343,"min":2.4E-05,"runningAverage":7.259828,"value":8.455138,"weightedAverage":6.88470364},"Rogue.CumulativeReward":{"count":10157,"max":627.0063,"min":-1.32158744,"runningAverage":1.45333326,"value":0.007707539,"weightedAverage":0.447421432}},"metadata":{"timer_format_version":"0.1.0","start_time_seconds":"1663818787","unity_version":"2021.3.6f1","command_line_arguments":"C:\\Program Files\\Unity\\Hub\\Editor\\2021.3.6f1\\Editor\\Unity.exe -projectpath C:\\Users\\noahc\\Desktop\\FinalYearProject\\ai-interaction -useHub -hubIPC -cloudEnvironment production -licensingIpc LicenseClient-noahc -hubSessionId 973417b0-3994-11ed-93df-1b5951a87f97 -accessToken -KV8Rsv0lX8s4MHVVREwlFAgPL9mn3zr-gCYbg6UXS401ef","communication_protocol_version":"1.5.0","com.unity.ml-agents_version":"2.3.0-exp.2","scene_name":"Main","end_time_seconds":"1663852953"}}